"nombre,","apeido,","direccion,",telefono
"jesus,","camacho,","weked,",1234567890
"jesus,","camacho,","weked,",1234567890
"jesus,","camacho,","weked,",1234567890
"jesus,","camacho,","weked,",1234567890
"jesus,","camacho,","weked,",1234567890
"jesus,","camacho,","weked,",1234567890
"jesus,","camacho,","weked,",1234567890
"jesus,","camacho,","weked,",1234567890
"jesus,","camacho,","weked,",1234567890
"jesus,","camacho,","weked,",1234567890
"jesus,","camacho,","weked,",1234567890
"jesus,","camacho,","weked,",1234567890
"jesus,","camacho,","weked,",1234567890
"jesus,","camacho,","weked,",1234567890
"jesus,","camacho,","weked,",1234567890
"jesus,","camacho,","weked,",1234567890
"jesus,","camacho,","weked,",1234567890
"jesus,","camacho,","weked,",1234567890
"jesus,","camacho,","weked,",1234567890
"jesus,","camacho,","weked,",1234567890
"jesus,","camacho,","weked,",1234567890
"jesus,","camacho,","weked,",1234567890
"jesus,","camacho,","weked,",1234567890
"jesus,","camacho,","weked,",1234567890
"jesus,","camacho,","weked,",1234567890
"jesus,","camacho,","weked,",1234567890
"jesus,","camacho,","weked,",1234567890
"jesus,","camacho,","weked,",1234567890
"jesus,","camacho,","weked,",1234567890
"jesus,","camacho,","weked,",1234567890
"jesus,","camacho,","weked,",1234567890
"jesus,","camacho,","weked,",1234567890
"jesus,","camacho,","weked,",1234567890
"jesus,","camacho,","weked,",1234567890
"jesus,","camacho,","weked,",1234567890
"jesus,","camacho,","weked,",1234567890
"jesus,","camacho,","weked,",1234567890
"jesus,","camacho,","weked,",1234567890
"jesus,","camacho,","weked,",1234567890
"jesus,","camacho,","weked,",1234567890
"jesus,","camacho,","weked,",1234567890
"jesus,","camacho,","weked,",1234567890
"jesus,","camacho,","weked,",1234567890
"jesus,","camacho,","weked,",1234567890
"jesus,","camacho,","weked,",1234567890
"jesus,","camacho,","weked,",1234567890
"jesus,","camacho,","weked,",1234567890
"jesus,","camacho,","weked,",1234567890
"jesus,","camacho,","weked,",1234567890
"jesus,","camacho,","weked,",1234567890
"jesus,","camacho,","weked,",1234567890
"jesus,","camacho,","weked,",1234567890
"jesus,","camacho,","weked,",1234567890
"jesus,","camacho,","weked,",1234567890
"jesus,","camacho,","weked,",1234567890
"jesus,","camacho,","weked,",1234567890
"jesus,","camacho,","weked,",1234567890
"jesus,","camacho,","weked,",1234567890
"jesus,","camacho,","weked,",1234567890
"jesus,","camacho,","weked,",1234567890
"jesus,","camacho,","weked,",1234567890
"jesus,","camacho,","weked,",1234567890
"jesus,","camacho,","weked,",1234567890
"jesus,","camacho,","weked,",1234567890
"jesus,","camacho,","weked,",1234567890
"jesus,","camacho,","weked,",1234567890
"jesus,","camacho,","weked,",1234567890
"jesus,","camacho,","weked,",1234567890
"jesus,","camacho,","weked,",1234567890
"jesus,","camacho,","weked,",1234567890
"jesus,","camacho,","weked,",1234567890
"jesus,","camacho,","weked,",1234567890
"jesus,","camacho,","weked,",1234567890
"jesus,","camacho,","weked,",1234567890
"jesus,","camacho,","weked,",1234567890
"jesus,","camacho,","weked,",1234567890
"jesus,","camacho,","weked,",1234567890
"jesus,","camacho,","weked,",1234567890
"jesus,","camacho,","weked,",1234567890
"jesus,","camacho,","weked,",1234567890
"jesus,","camacho,","weked,",1234567890
"jesus,","camacho,","weked,",1234567890
"jesus,","camacho,","weked,",1234567890
"jesus,","camacho,","weked,",1234567890
"jesus,","camacho,","weked,",1234567890
"jesus,","camacho,","weked,",1234567890
"jesus,","camacho,","weked,",1234567890
"jesus,","camacho,","weked,",1234567890
"jesus,","camacho,","weked,",1234567890
"jesus,","camacho,","weked,",1234567890
"jesus,","camacho,","weked,",1234567890
"jesus,","camacho,","weked,",1234567890
"jesus,","camacho,","weked,",1234567890
"jesus,","camacho,","weked,",1234567890
"jesus,","camacho,","weked,",1234567890
"jesus,","camacho,","weked,",1234567890
"jesus,","camacho,","weked,",1234567890
"jesus,","camacho,","weked,",1234567890
"jesus,","camacho,","weked,",1234567890
"jesus,","camacho,","weked,",1234567890
